cnpj;empresa;orgao;exercicio;n_membros;n_membros_remunerados;salario;beneficios;participacoes_comites;outros_fixos;bonus;participacao_resultados;participacao_reunioes;comissoes;outros_variaveis;pos_emprego;cessacao_cargo;baseada_acoes;total_orgao;total_empresa;soma_verbas;dif_soma_total;alertas_82;desc_outras_fixas;desc_outras_variaveis;observacao;previsao;fre;data_referencia;versao;id_documento
16.590.234/0001-76;AZZAS 2154 S.A.;Diretoria Estatutária;2009;3.0;0.0;2320474.0;0.0;0.0;0.0;0.0;260108.0;0.0;0.0;0.0;0.0;0.0;0.0;2580582.0;2599782.0;2580582.0;0.0;;;;O número de membros de cada órgão corresponde à média anual do número de membros de cada órgão apurado mensalmente.Para não haver duplicidade, nos casos em que um mesmo administrador ocupe cargo na diretoria e no conselho de administração, a remuneração está computada apenas na diretoria estatutária.;False;2012;2012-01-01;8;26937
16.590.234/0001-76;AZZAS 2154 S.A.;Conselho de Administração;2009;6.0;0.0;19200.0;0.0;0.0;0.0;0.0;0.0;0.0;0.0;0.0;0.0;0.0;0.0;19200.0;2599782.0;19200.0;0.0;;;;O número de membros de cada órgão corresponde à média anual do número de membros de cada órgão apurado mensalmente.Para não haver duplicidade, nos casos em que um mesmo administrador ocupe cargo na diretoria e no conselho de administração, a remuneração está computada apenas na diretoria estatutária.;False;2012;2012-01-01;8;26937
16.590.234/0001-76;AZZAS 2154 S.A.;Diretoria Estatutária;2010;3.0;0.0;2322155.0;0.0;0.0;0.0;0.0;269579.0;0.0;0.0;0.0;0.0;0.0;0.0;2591734.0;2610934.0;2591734.0;0.0;;;;O número de membros de cada órgão corresponde à média anual do número de membros de cada órgão apurado mensalmente.Para não haver duplicidade, nos casos em que um mesmo administrador ocupe cargo na diretoria e no conselho de administração, a remuneração está computada apenas na diretoria estatutária.;False;2013;2013-01-01;6;36647
16.590.234/0001-76;AZZAS 2154 S.A.;Conselho de Administração;2010;7.0;0.0;19200.0;0.0;0.0;0.0;0.0;0.0;0.0;0.0;0.0;0.0;0.0;0.0;19200.0;2610934.0;19200.0;0.0;;;;O número de membros de cada órgão corresponde à média anual do número de membros de cada órgão apurado mensalmente.Para não haver duplicidade, nos casos em que um mesmo administrador ocupe cargo na diretoria e no conselho de administração, a remuneração está computada apenas na diretoria estatutária.;False;2013;2013-01-01;6;36647
16.590.234/0001-76;AZZAS 2154 S.A.;Diretoria Estatutária;2011;3.0;0.0;2425206.0;0.0;0.0;0.0;0.0;353023.0;0.0;0.0;0.0;0.0;0.0;0.0;2778229.0;3108069.0;2778229.0;0.0;;;;(1)O número de membros de cada órgão corresponde à média anual do número de membros de cada órgão apurado mensalmente. Os membros da Diretoria Estatutária que fazem parte do Conselho de Administração foram remunerados no exercício social de 2011 apenas como membros da Diretoria Estatutária;False;2014;2014-01-01;6;46444
16.590.234/0001-76;AZZAS 2154 S.A.;Conselho de Administração;2011;8.0;0.0;329840.0;0.0;0.0;0.0;0.0;0.0;0.0;0.0;0.0;0.0;0.0;0.0;329840.0;3108069.0;329840.0;0.0;;;;(1)O número de membros de cada órgão corresponde à média anual do número de membros de cada órgão apurado mensalmente. Os membros da Diretoria Estatutária que fazem parte do Conselho de Administração foram remunerados no exercício social de 2011 apenas como membros da Diretoria Estatutária;False;2014;2014-01-01;6;46444
16.590.234/0001-76;AZZAS 2154 S.A.;Diretoria Estatutária;2012;3.0;0.0;2591264.0;0.0;0.0;0.0;0.0;214744.0;0.0;0.0;0.0;0.0;0.0;141596.0;2947604.0;3427604.0;2947604.0;0.0;;;;"(1) O número de membros de cada órgão corresponde à média anual do número de membros de cada órgão apurado mensalmente. Para não haver duplicidade, nos casos em que um mesmo administrador ocupe cargo na diretoria e no conselho de administração, a remuneração está computada apenas na diretoria estatutária.(2) A Companhia entende que os valores constantes do item ""Remuneração Baseada em Ações"" não deve ser considerado como remuneração uma vez que as ações são adquiridas pelos seus funcionários. Assim, a indicação destes valores visam apenas atender uma exigência da CVM e não devem ser consideradas para efeitos trabalhistas, fiscais e previdenciários.";False;2015;2015-01-01;7;56144
16.590.234/0001-76;AZZAS 2154 S.A.;Conselho de Administração;2012;8.0;0.0;480000.0;0.0;0.0;0.0;0.0;0.0;0.0;0.0;0.0;0.0;0.0;0.0;480000.0;3427604.0;480000.0;0.0;;;;"(1) O número de membros de cada órgão corresponde à média anual do número de membros de cada órgão apurado mensalmente. Para não haver duplicidade, nos casos em que um mesmo administrador ocupe cargo na diretoria e no conselho de administração, a remuneração está computada apenas na diretoria estatutária.(2) A Companhia entende que os valores constantes do item ""Remuneração Baseada em Ações"" não deve ser considerado como remuneração uma vez que as ações são adquiridas pelos seus funcionários. Assim, a indicação destes valores visam apenas atender uma exigência da CVM e não devem ser consideradas para efeitos trabalhistas, fiscais e previdenciários.";False;2015;2015-01-01;7;56144
16.590.234/0001-76;AZZAS 2154 S.A.;Diretoria Estatutária;2013;3.33;0.0;1968849.0;177815.0;0.0;464096.0;0.0;171489.0;0.0;0.0;0.0;0.0;0.0;587549.0;3369798.0;4665798.0;3369798.0;0.0;;;;O número de membros de cada órgão apresentado nas tabelas a seguir corresponde ao número de membros de cada órgão a quem foi atribuída remuneração variável reconhecida nos resultados para cada exercício encerrado em 31 de dezembro nos anos abaixo indicadoA Companhia entende que os valores constantes em Remuneração Baseada em Ações não devem ser considerados como remuneração, uma vez que as ações são adquiridas pelos seus funcionários. Assim, a indicação destes valores visa apenas atender a uma exigência da CVM e não deve ser considerada para efeitos trabalhistas, fiscais e previdenciários.;False;2016;2016-01-01;9;65089
16.590.234/0001-76;AZZAS 2154 S.A.;Conselho de Administração;2013;7.5;0.0;875000.0;0.0;205000.0;216000.0;0.0;0.0;0.0;0.0;0.0;0.0;0.0;0.0;1296000.0;4665798.0;1296000.0;0.0;;;;O número de membros de cada órgão apresentado nas tabelas a seguir corresponde ao número de membros de cada órgão a quem foi atribuída remuneração variável reconhecida nos resultados para cada exercício encerrado em 31 de dezembro nos anos abaixo indicados. A Companhia entende que os valores constantes em Remuneração Baseada em Ações não devem ser considerados como remuneração, uma vez que as ações são adquiridas pelos seus funcionários. Assim, a indicação destes valores visa apenas atender a uma exigência da CVM e não deve ser considerada para efeitos trabalhistas, fiscais e previdenciários.;False;2016;2016-01-01;9;65089
16.590.234/0001-76;AZZAS 2154 S.A.;Diretoria Estatutária;2014;4.0;4.0;2085918.0;196097.0;0.0;551783.0;0.0;254048.0;0.0;0.0;0.0;0.0;0.0;949433.0;4037279.0;6101279.0;4037279.0;0.0;;;;A Companhia entende que os valores constantes em Remuneração Baseada em Ações não devem ser considerados como remuneração, uma vez que as ações são adquiridas pelos seus funcionários. Assim, a indicação destes valores visa apenas atender a uma exigência da CVM e não deve ser considerada para efeitos trabalhistas, fiscais e previdenciários.;False;2017;2017-01-01;8;73670
16.590.234/0001-76;AZZAS 2154 S.A.;Conselho de Administração;2014;10.0;10.0;1200000.0;0.0;480000.0;384000.0;0.0;0.0;0.0;0.0;0.0;0.0;0.0;0.0;2064000.0;6101279.0;2064000.0;0.0;;;;A Companhia entende que os valores constantes em Remuneração Baseada em Ações não devem ser considerados como remuneração, uma vez que as ações são adquiridas pelos seus funcionários. Assim, a indicação destes valores visa apenas atender a uma exigência da CVM e não deve ser considerada para efeitos trabalhistas, fiscais e previdenciários.;False;2017;2017-01-01;8;73670
16.590.234/0001-76;AZZAS 2154 S.A.;Diretoria Estatutária;2015;4.0;4.0;3024706.0;243263.0;0.0;879350.0;0.0;716164.0;0.0;0.0;0.0;0.0;0.0;1133453.0;5996936.0;8012936.0;5996936.0;0.0;;Encargos;;A Companhia entende que os valores constantes em Remuneração Baseada em Ações não devem ser considerados como remuneração, uma vez que as ações são adquiridas pelos seus funcionários. Assim, a indicação destes valores visa apenas atender a uma exigência da CVM e não deve ser considerada para efeitos trabalhistas, fiscais e previdenciários.;False;2018;2018-01-01;17;83118
16.590.234/0001-76;AZZAS 2154 S.A.;Conselho de Administração;2015;10.0;10.0;1200000.0;0.0;480000.0;336000.0;0.0;0.0;0.0;0.0;0.0;0.0;0.0;0.0;2016000.0;8012936.0;2016000.0;0.0;;Encargos;;A Companhia entende que os valores constantes em Remuneração Baseada em Ações não devem ser considerados como remuneração, uma vez que as ações são adquiridas pelos seus funcionários. Assim, a indicação destes valores visa apenas atender a uma exigência da CVM e não deve ser considerada para efeitos trabalhistas, fiscais e previdenciários.;False;2018;2018-01-01;17;83118
16.590.234/0001-76;AZZAS 2154 S.A.;Diretoria Estatutária;2016;3.58;3.58;3102931.3;116481.56;0.0;1054144.41;778338.99;1477383.82;0.0;0.0;155668.0;0.0;294806.0;1106919.0;8086673.08;10144235.56;8086673.08;0.0;;Encargos: INSS e FGTS;Encargos: INSS;;False;2019;2019-01-01;8;92842
16.590.234/0001-76;AZZAS 2154 S.A.;Conselho de Administração;2016;10.0;10.0;1200000.0;41562.48;480000.0;336000.0;0.0;0.0;0.0;0.0;0.0;0.0;0.0;0.0;2057562.48;10144235.56;2057562.48;0.0;;Encargos: INSS;;;False;2019;2019-01-01;8;92842
16.590.234/0001-76;AZZAS 2154 S.A.;Conselho Fiscal;2016;0.0;0.0;0.0;0.0;0.0;0.0;0.0;0.0;0.0;0.0;0.0;0.0;0.0;0.0;0.0;10144235.36;0.0;0.0;;;;;False;2017;2017-01-01;8;73670
16.590.234/0001-76;AZZAS 2154 S.A.;Diretoria Estatutária;2017;3.0;3.0;3107937.06;185893.59;0.0;1166215.56;877000.0;2520571.0;0.0;0.0;0.0;0.0;206648.56;2085745.87;10150011.64;12372152.87;10150011.64;0.0;;Encargos;;"Vale ressaltar que, na opinião da Companhia, os valores relacionados do Plano de Opção de Compra de Ações da Companhia não configuram ""remuneração"", para fins trabalhistas e previdenciários. Sua inclusão no computo da remuneração global dos administradores é realizada única e exclusivamente para cumprir os requisitos regulatórios da CVM.";False;2019;2019-01-01;8;92842
16.590.234/0001-76;AZZAS 2154 S.A.;Conselho de Administração;2017;8.0;7.33;1480000.0;14141.23;360000.0;368000.0;0.0;0.0;0.0;0.0;0.0;0.0;0.0;0.0;2222141.23;12372152.87;2222141.23;0.0;;Encargos;;;False;2019;2019-01-01;8;92842
16.590.234/0001-76;AZZAS 2154 S.A.;Conselho Fiscal;2017;0.0;0.0;0.0;0.0;0.0;0.0;0.0;0.0;0.0;0.0;0.0;0.0;0.0;0.0;0.0;12676372.18;0.0;0.0;;;;;True;2017;2017-01-01;8;73670
16.590.234/0001-76;AZZAS 2154 S.A.;Diretoria Estatutária;2018;3.5;3.5;4404927.19;172282.25;0.0;1113453.81;1934400.0;900075.22;0.0;0.0;386880.0;0.0;531230.31;3944105.79;13387354.57;16341218.9;13387354.57;0.0;;Encargos: FGTS e INSS;;Os valores inseridos nesta tabela incluem encargos de ônus do empregador.;False;2021;2021-01-01;12;114619
16.590.234/0001-76;AZZAS 2154 S.A.;Conselho de Administração;2018;7.0;6.0;1617240.0;0.0;592000.0;441848.0;0.0;0.0;0.0;0.0;0.0;0.0;0.0;0.0;2651088.0;16341218.9;2651088.0;0.0;;Encargos: INSS;;Os valores inseridos nesta tabela incluem encargos de ônus do empregador.;False;2021;2021-01-01;12;114619
16.590.234/0001-76;AZZAS 2154 S.A.;Conselho Fiscal;2018;2.0;2.0;252313.61;0.0;0.0;50462.72;0.0;0.0;0.0;0.0;0.0;0.0;0.0;0.0;302776.33;16341218.9;302776.33;0.0;;Enca rgos: INSS;;Os valores inseridos nesta tabela incluem encargos de ônus do empregador.;False;2021;2021-01-01;12;114619
16.590.234/0001-76;AZZAS 2154 S.A.;Diretoria Estatutária;2019;3.33;3.33;4004375.43;132059.6;0.0;1018215.16;3008392.68;1357157.76;0.0;0.0;592851.07;0.0;0.0;3804537.0;13917588.7;17445999.75;13917588.7;0.0;;Encargos: FGTS e INSS;Encargos: INSS Bônus;Os valores inseridos nesta tabela incluem encargos de ônus do empregador.;False;2022;2022-01-01;11;127081
16.590.234/0001-76;AZZAS 2154 S.A.;Conselho de Administração;2019;7.0;6.0;1874588.54;0.0;688783.33;508764.37;0.0;0.0;0.0;0.0;0.0;0.0;0.0;0.0;3052046.24;17445999.75;3072136.24;20090.0;soma das verbas != total do orgao;Encargos: INSS;;Os valores inseridos nesta tabela incluem encargos de ônus do empregador.;False;2022;2022-01-01;11;127081
16.590.234/0001-76;AZZAS 2154 S.A.;Conselho Fiscal;2019;3.0;3.0;396970.67;0.0;0.0;79394.13;0.0;0.0;0.0;0.0;0.0;0.0;0.0;0.0;476364.8;17445999.75;476364.8;0.0;;Encargos: INSS;;Os valores inseridos nesta tabela incluem encargos de ônus do empregador.;False;2022;2022-01-01;11;127081
16.590.234/0001-76;AZZAS 2154 S.A.;Diretoria Estatutária;2020;3.0;3.0;3749771.88;118244.34;0.0;962076.2;4067891.36;1149755.43;0.0;0.0;673578.27;0.0;0.0;3295849.42;14017166.9;17357763.53;14017166.9;0.0;;Encargos: FGTS e INSS;Encargos: INSS;* Os valores inseridos nesta tabela incluem encargos de ônus do empregador.;False;2023;2023-12-31;9;136975
16.590.234/0001-76;AZZAS 2154 S.A.;Conselho de Administração;2020;7.0;6.0;1703405.06;0.0;675000.0;475652.3;0.0;0.0;0.0;0.0;0.0;0.0;0.0;0.0;2854057.36;17357763.53;2854057.36;0.0;;Encargos: INSS;;* Os valores inseridos nesta tabela incluem encargos de ônus do empregador.;False;2023;2023-12-31;9;136975
16.590.234/0001-76;AZZAS 2154 S.A.;Conselho Fiscal;2020;3.0;3.0;405438.47;0.0;0.0;81100.8;0.0;0.0;0.0;0.0;0.0;0.0;0.0;0.0;486539.27;17357763.53;486539.27;0.0;;Encargos: INSS;;* Os valores inseridos nesta tabela incluem encargos de ônus do empregador.;False;2023;2023-12-31;9;136975
16.590.234/0001-76;AZZAS 2154 S.A.;Diretoria Estatutária;2021;2.75;2.75;4468180.7;140297.39;0.0;0.0;3924972.34;2624400.0;0.0;0.0;0.0;0.0;183591.7;3470548.75;14811990.88;17939196.16;14811990.88;0.0;;;;* Valores não consideram encargos de ônus do empregador. Para permitir a comparação com anos anteriores, o item 8.20 deste Formulário de Referência traz informações sobre valores dos encargos de ônus do empregador do exercício de 2021.;False;2024;2024-12-31;23;147415
16.590.234/0001-76;AZZAS 2154 S.A.;Conselho de Administração;2021;7.0;5.0;2005557.6;0.0;666000.0;0.0;0.0;0.0;0.0;0.0;0.0;0.0;0.0;0.0;2671557.6;17939196.16;2671557.6;0.0;;;;* Valores não consideram encargos de ônus do empregador. Para permitir a comparação com anos anteriores, o item 8.20 deste Formulário de Referência traz informações sobre valores dos encargos de ônus do empregador do exercício de 2021.;False;2024;2024-12-31;23;147415
16.590.234/0001-76;AZZAS 2154 S.A.;Conselho Fiscal;2021;3.0;3.0;455647.68;0.0;0.0;0.0;0.0;0.0;0.0;0.0;0.0;0.0;0.0;0.0;455647.68;17939196.16;455647.68;0.0;;;;* Valores não consideram encargos de ônus do empregador. Para permitir a comparação com anos anteriores, o item 8.20 deste Formulário de Referência traz informações sobre valores dos encargos de ônus do empregador do exercício de 2021.;False;2024;2024-12-31;23;147415
16.590.234/0001-76;AZZAS 2154 S.A.;Diretoria Estatutária;2022;2.75;2.75;5987100.0;149778.61;0.0;0.0;6420030.18;2452140.0;0.0;0.0;0.0;0.0;0.0;6372137.99;21381186.78;24844469.82;21381186.78;0.0;;;;* Valores não consideram encargos de ônus do empregador. Para permitir a comparação com anos anteriores, o item 8.20 deste Formulário de Referência traz informações sobre valores dos encargos de ônus do empregador para o exercício de 2022.;False;2025;2025-12-31;27;157959
16.590.234/0001-76;AZZAS 2154 S.A.;Conselho de Administração;2022;7.0;5.0;2248083.2;0.0;686400.0;0.0;0.0;0.0;0.0;0.0;0.0;0.0;0.0;0.0;2934483.2;24844469.82;2934483.2;0.0;;;;* Valores não consideram encargos de ônus do empregador. Para permitir a comparação com anos anteriores, o item 8.20 deste Formulário de Referência traz informações sobre valores dos encargos de ônus do empregador para o exercício de 2022.;False;2025;2025-12-31;27;157959
16.590.234/0001-76;AZZAS 2154 S.A.;Conselho Fiscal;2022;3.0;3.0;528799.84;0.0;0.0;0.0;0.0;0.0;0.0;0.0;0.0;0.0;0.0;0.0;528799.84;24844469.82;528799.84;0.0;;;;* Valores não consideram encargos de ônus do empregador. Para permitir a comparação com anos anteriores, o item 8.20 deste Formulário de Referência traz informações sobre valores dos encargos de ônus do empregador para o exercício de 2022.;False;2025;2025-12-31;27;157959
16.590.234/0001-76;AZZAS 2154 S.A.;Diretoria Estatutária;2023;3.0;3.0;6595132.18;208341.43;0.0;0.0;4237937.88;748809.79;0.0;0.0;0.0;0.0;0.0;3985422.89;15775644.17;19925445.92;15775644.17;0.0;;;;O número de membros total de cada órgão corresponde à média anual do número de membros de cada órgão apurado mensalmente, com duas casas decimais.O número de membros remunerados de cada órgão corresponde ao número de membros dos órgãos aos quais foram atribuídas remunerações reconhecidas no resultado do exercício ou aos quais serão atribuídas remunerações, correspondendo à média anual de número de membros remunerados de cada órgão apurado mensalmente, com duas casas decimais.Para evitar duplicidade, os valores computados como remuneração dos diretores que também fazem parte do conselho de administração foram descontados da remuneração desse último órgão.;False;2026;2026-12-31;3;161117
16.590.234/0001-76;AZZAS 2154 S.A.;Conselho de Administração;2023;7.67;5.67;2546703.42;0.0;1023078.33;0.0;0.0;0.0;0.0;0.0;0.0;0.0;0.0;0.0;3569781.75;19925445.92;3569781.75;0.0;;-;-;O número de membros total de cada órgão corresponde à média anual do número de membros de cada órgão apurado mensalmente, com duas casas decimais.O número de membros remunerados de cada órgão corresponde ao número de membros dos órgãos aos quais foram atribuídas remunerações reconhecidas no resultado do exercício ou aos quais serão atribuídas remunerações, correspondendo à média anual de número de membros remunerados de cada órgão apurado mensalmente, com duas casas decimais.Para evitar duplicidade, os valores computados como remuneração dos diretores que também fazem parte do conselho de administração foram descontados da remuneração desse último órgão.;False;2026;2026-12-31;3;161117
16.590.234/0001-76;AZZAS 2154 S.A.;Conselho Fiscal;2023;3.0;3.0;580020.0;0.0;0.0;0.0;0.0;0.0;0.0;0.0;0.0;0.0;0.0;0.0;580020.0;19925445.92;580020.0;0.0;;-;-;O número de membros total de cada órgão corresponde à média anual do número de membros de cada órgão apurado mensalmente, com duas casas decimais.O número de membros remunerados de cada órgão corresponde ao número de membros dos órgãos aos quais foram atribuídas remunerações reconhecidas no resultado do exercício ou aos quais serão atribuídas remunerações, correspondendo à média anual de número de membros remunerados de cada órgão apurado mensalmente, com duas casas decimais.Para evitar duplicidade, os valores computados como remuneração dos diretores que também fazem parte do conselho de administração foram descontados da remuneração desse último órgão.;False;2026;2026-12-31;3;161117
16.590.234/0001-76;AZZAS 2154 S.A.;Diretoria Estatutária;2024;3.42;3.42;7748463.82;264517.58;0.0;0.0;18849342.57;0.0;0.0;0.0;0.0;0.0;0.0;2341000.0;29203323.97;34929336.62;29203323.97;0.0;;0;-;O número de membros total de cada órgão corresponde à média anual do número de membros de cada órgão apurado mensalmente, com duas casas decimais.O número de membros remunerados de cada órgão corresponde ao número de membros dos órgãos aos quais foram atribuídas remunerações reconhecidas no resultado do exercício ou aos quais serão atribuídas remunerações, correspondendo à média anual de número de membros remunerados de cada órgão apurado mensalmente, com duas casas decimais.Para evitar duplicidade, os valores computados como remuneração dos diretores que também fazem parte do conselho de administração foram descontados da remuneração desse último órgão.;False;2026;2026-12-31;3;161117
16.590.234/0001-76;AZZAS 2154 S.A.;Conselho de Administração;2024;8.75;6.75;4065305.15;0.0;890507.5;0.0;0.0;0.0;0.0;0.0;0.0;0.0;0.0;0.0;4955812.65;34929336.62;4955812.65;0.0;;-;-;O número de membros total de cada órgão corresponde à média anual do número de membros de cada órgão apurado mensalmente, com duas casas decimais.O número de membros remunerados de cada órgão corresponde ao número de membros dos órgãos aos quais foram atribuídas remunerações reconhecidas no resultado do exercício ou aos quais serão atribuídas remunerações, correspondendo à média anual de número de membros remunerados de cada órgão apurado mensalmente, com duas casas decimais.Para evitar duplicidade, os valores computados como remuneração dos diretores que também fazem parte do conselho de administração foram descontados da remuneração desse último órgão.;False;2026;2026-12-31;3;161117
16.590.234/0001-76;AZZAS 2154 S.A.;Conselho Fiscal;2024;3.0;3.0;770200.0;0.0;0.0;0.0;0.0;0.0;0.0;0.0;0.0;0.0;0.0;0.0;770200.0;34929336.62;770200.0;0.0;;-;-;O número de membros total de cada órgão corresponde à média anual do número de membros de cada órgão apurado mensalmente, com duas casas decimais.O número de membros remunerados de cada órgão corresponde ao número de membros dos órgãos aos quais foram atribuídas remunerações reconhecidas no resultado do exercício ou aos quais serão atribuídas remunerações, correspondendo à média anual de número de membros remunerados de cada órgão apurado mensalmente, com duas casas decimais.Para evitar duplicidade, os valores computados como remuneração dos diretores que também fazem parte do conselho de administração foram descontados da remuneração desse último órgão.;False;2026;2026-12-31;3;161117
16.590.234/0001-76;AZZAS 2154 S.A.;Diretoria Estatutária;2025;5.0;5.0;12255332.33;421607.45;0.0;0.0;4992880.67;5619577.46;0.0;0.0;0.0;0.0;1478533.88;6558271.79;31326203.58;43826610.11;31326203.58;0.0;;;;O número de membros total de cada órgão corresponde à média anual do número de membros de cada órgão apurado mensalmente, com duas casas decimais. O número de membros remunerados de cada órgão corresponde ao número de membros dos órgãos aos quais foram atribuídas remunerações reconhecidas no resultado do exercício ou aos quais serão atribuídas remunerações, correspondendo à média anual de número de membros remunerados de cada órgão apurado mensalmente, com duas casas decimais.Para evitar duplicidade, os valores computados como remuneração dos diretores que também fazem parte do conselho de administração foram descontados da remuneração desse último órgão.;False;2026;2026-12-31;3;161117
16.590.234/0001-76;AZZAS 2154 S.A.;Conselho de Administração;2025;8.0;6.0;3924815.48;0.0;700000.0;0.0;0.0;0.0;0.0;0.0;0.0;0.0;2044692.5;5414898.55;12084406.53;43826610.11;12084406.53;0.0;;-;-;O número de membros total de cada órgão corresponde à média anual do número de membros de cada órgão apurado mensalmente, com duas casas decimais. O número de membros remunerados de cada órgão corresponde ao número de membros dos órgãos aos quais foram atribuídas remunerações reconhecidas no resultado do exercício ou aos quais serão atribuídas remunerações, correspondendo à média anual de número de membros remunerados de cada órgão apurado mensalmente, com duas casas decimais.Para evitar duplicidade, os valores computados como remuneração dos diretores que também fazem parte do conselho de administração foram descontados da remuneração desse último órgão.;False;2026;2026-12-31;3;161117
16.590.234/0001-76;AZZAS 2154 S.A.;Conselho Fiscal;2025;1.25;1.25;416000.0;0.0;0.0;0.0;0.0;0.0;0.0;0.0;0.0;0.0;0.0;0.0;416000.0;43826610.11;416000.0;0.0;;;;O número de membros total de cada órgão corresponde à média anual do número de membros de cada órgão apurado mensalmente, com duas casas decimais.O número de membros remunerados de cada órgão corresponde ao número de membros dos órgãos aos quais foram atribuídas remunerações reconhecidas no resultado do exercício ou aos quais serão atribuídas remunerações, correspondendo à média anual de número de membros remunerados de cada órgão apurado mensalmente, com duas casas decimais.Para evitar duplicidade, os valores computados como remuneração dos diretores que também fazem parte do conselho de administração foram descontados da remuneração desse último órgão.;False;2026;2026-12-31;3;161117
16.590.234/0001-76;AZZAS 2154 S.A.;Diretoria Estatutária;2026;4.92;4.92;13936016.59;465662.45;0.0;0.0;13816320.0;12300000.0;0.0;0.0;0.0;0.0;0.0;6811008.75;47329007.79;59059609.24;47329007.79;0.0;;;;O número de membros total de cada órgão corresponde à média anual do número de membros de cada órgão apurado mensalmente, com duas casas decimais.O número de membros remunerados de cada órgão corresponde ao número de membros dos órgãos aos quais foram atribuídas remunerações reconhecidas no resultado do exercício ou aos quais serão atribuídas remunerações, correspondendo à média anual de número de membros remunerados de cada órgão apurado mensalmente, com duas casas decimais.Para evitar duplicidade, os valores computados como remuneração dos diretores que também fazem parte do conselho de administração foram descontados da remuneração desse último órgão.;True;2026;2026-12-31;3;161117
16.590.234/0001-76;AZZAS 2154 S.A.;Conselho de Administração;2026;8.33;6.33;4680000.0;0.0;774000.0;0.0;0.0;0.0;0.0;0.0;0.0;0.0;0.0;6276601.45;11730601.45;59059609.24;11730601.45;0.0;;;;O número de membros total de cada órgão corresponde à média anual do número de membros de cada órgão apurado mensalmente, com duas casas decimais.O número de membros remunerados de cada órgão corresponde ao número de membros dos órgãos aos quais foram atribuídas remunerações reconhecidas no resultado do exercício ou aos quais serão atribuídas remunerações, correspondendo à média anual de número de membros remunerados de cada órgão apurado mensalmente, com duas casas decimais.Para evitar duplicidade, os valores computados como remuneração dos diretores que também fazem parte do conselho de administração foram descontados da remuneração desse último órgão.;True;2026;2026-12-31;3;161117
