cnpj;empresa;orgao;exercicio;n_membros;n_membros_remunerados;total_orgao;salario;beneficios;bonus;participacao_resultados;baseada_acoes;previsao;fre;data_referencia;versao;id_documento
45.242.914/0001-05;C&A MODAS S.A.;Diretoria Estatutária;2016;5.0;5.0;13332027.22;5246282.18;703815.73;0.0;4324018.54;0.0;False;2019;2019-01-01;7;92411
45.242.914/0001-05;C&A MODAS S.A.;Diretoria Estatutária;2017;4.17;4.17;15769614.8;4813362.84;657555.81;0.0;4912676.1;0.0;False;2019;2019-01-01;7;92411
45.242.914/0001-05;C&A MODAS S.A.;Diretoria Estatutária;2017;4.17;4.17;15769614.8;4813362.84;657555.81;0.0;4912676.1;0.0;False;2020;2020-01-01;16;104576
45.242.914/0001-05;C&A MODAS S.A.;Diretoria Estatutária;2018;4.67;4.67;16102819.64;5826363.88;841015.05;0.0;5863366.23;0.0;False;2019;2019-01-01;7;92411
45.242.914/0001-05;C&A MODAS S.A.;Diretoria Estatutária;2018;4.67;4.67;16102819.64;5826363.88;841015.05;0.0;5863366.23;0.0;False;2020;2020-01-01;16;104576
45.242.914/0001-05;C&A MODAS S.A.;Diretoria Estatutária;2018;4.67;4.67;16102819.64;5826363.88;841015.05;0.0;5863366.23;0.0;False;2021;2021-01-01;8;115612
45.242.914/0001-05;C&A MODAS S.A.;Diretoria Estatutária;2019;5.0;0.0;53419898.26;6596023.83;1104884.57;13500000.0;7868930.88;20500000.0;True;2019;2019-01-01;7;92411
45.242.914/0001-05;C&A MODAS S.A.;Diretoria Estatutária;2019;5.0;5.0;33894583.67;6225705.18;934935.9;13611626.0;3329599.74;1766489.14;False;2020;2020-01-01;16;104576
45.242.914/0001-05;C&A MODAS S.A.;Diretoria Estatutária;2019;5.0;5.0;33894583.67;6225705.18;934935.9;13611626.0;3329599.74;1766489.14;False;2021;2021-01-01;8;115612
45.242.914/0001-05;C&A MODAS S.A.;Diretoria Estatutária;2019;5.0;5.0;33894583.67;6225705.18;934935.9;13611626.0;3329599.74;1766489.14;False;2022;2022-01-01;4;127200
45.242.914/0001-05;C&A MODAS S.A.;Diretoria Estatutária;2020;5.0;5.0;27273503.77;7921399.03;1165059.82;0.0;7454182.88;6952896.48;True;2020;2020-01-01;16;104576
45.242.914/0001-05;C&A MODAS S.A.;Diretoria Estatutária;2020;4.67;4.67;25369411.9;6575961.14;1057298.22;0.0;0.0;10668000.0;False;2021;2021-01-01;8;115612
45.242.914/0001-05;C&A MODAS S.A.;Diretoria Estatutária;2020;4.67;4.67;25369411.9;6575961.14;1057298.22;0.0;0.0;10668000.0;False;2022;2022-01-01;4;127200
45.242.914/0001-05;C&A MODAS S.A.;Diretoria Estatutária;2020;4.67;4.67;22751667.49;6575961.14;1057298.22;0.0;0.0;10668000.0;False;2023;2023-12-31;4;131429
45.242.914/0001-05;C&A MODAS S.A.;Diretoria Estatutária;2021;4.0;4.0;23015990.29;6410907.45;951385.17;0.0;6332259.52;6055169.6;True;2021;2021-01-01;8;115612
45.242.914/0001-05;C&A MODAS S.A.;Diretoria Estatutária;2021;4.0;4.0;20450601.86;5955292.4;896244.0;0.0;5340014.82;7905094.49;False;2022;2022-01-01;4;127200
45.242.914/0001-05;C&A MODAS S.A.;Diretoria Estatutária;2021;4.0;4.0;16736603.2;6225455.23;827976.95;0.0;3643955.81;5708000.0;False;2023;2023-12-31;4;131429
45.242.914/0001-05;C&A MODAS S.A.;Diretoria Estatutária;2021;4.0;4.0;23452647.39;6225455.23;827976.95;0.0;10360000.0;5708000.0;False;2024;2024-12-31;8;147526
45.242.914/0001-05;C&A MODAS S.A.;Diretoria Estatutária;2022;4.0;4.0;27321977.37;7331500.0;864666.65;0.0;7227000.0;11491761.15;True;2022;2022-01-01;4;127200
45.242.914/0001-05;C&A MODAS S.A.;Diretoria Estatutária;2022;4.0;4.0;16138714.15;7224200.07;1200819.81;0.0;3170036.3;4280018.51;False;2023;2023-12-31;4;131429
45.242.914/0001-05;C&A MODAS S.A.;Diretoria Estatutária;2022;4.0;4.0;16138714.15;7224200.07;1200819.81;0.0;3170036.3;4280018.51;False;2024;2024-12-31;8;147526
45.242.914/0001-05;C&A MODAS S.A.;Diretoria Estatutária;2022;4.0;4.0;16138714.15;7224200.07;1200819.81;0.0;3170036.3;4280018.51;False;2025;2025-12-31;9;157300
45.242.914/0001-05;C&A MODAS S.A.;Diretoria Estatutária;2023;5.0;4.75;27644667.63;8956879.61;3139504.12;0.0;8565572.4;6536209.63;True;2023;2023-12-31;4;131429
45.242.914/0001-05;C&A MODAS S.A.;Diretoria Estatutária;2023;5.0;4.75;21235887.03;7844121.73;1378731.4;0.0;3264419.41;6493147.76;False;2024;2024-12-31;8;147526
45.242.914/0001-05;C&A MODAS S.A.;Diretoria Estatutária;2023;4.25;4.25;21235887.03;7844121.73;1378731.4;0.0;3264419.41;6493147.76;False;2025;2025-12-31;9;157300
45.242.914/0001-05;C&A MODAS S.A.;Diretoria Estatutária;2023;4.25;4.25;21235887.03;7844121.73;1378731.4;0.0;3264419.41;6493147.76;False;2026;2026-12-31;3;159084
45.242.914/0001-05;C&A MODAS S.A.;Diretoria Estatutária;2024;5.0;5.0;30478586.79;9763043.56;3422075.19;0.0;9336516.74;7836951.3;True;2024;2024-12-31;8;147526
45.242.914/0001-05;C&A MODAS S.A.;Diretoria Estatutária;2024;5.0;5.0;24310657.88;9606592.97;1057959.26;0.0;7593978.16;5958414.7;False;2025;2025-12-31;9;157300
45.242.914/0001-05;C&A MODAS S.A.;Diretoria Estatutária;2024;5.0;5.0;24310657.88;9606592.97;1057959.26;0.0;7593978.16;5958414.7;False;2026;2026-12-31;3;159084
45.242.914/0001-05;C&A MODAS S.A.;Diretoria Estatutária;2025;5.0;5.0;31829119.38;10243634.8;1800000.0;0.0;9276326.89;10409157.69;True;2025;2025-12-31;9;157300
45.242.914/0001-05;C&A MODAS S.A.;Diretoria Estatutária;2025;5.0;5.0;26818152.35;10264030.82;1481555.53;0.0;6813000.0;8166000.0;False;2026;2026-12-31;3;159084
45.242.914/0001-05;C&A MODAS S.A.;Diretoria Estatutária;2026;5.0;5.0;36268164.02;10803805.81;1900000.0;0.0;11143871.0;12320487.21;True;2026;2026-12-31;3;159084
45.242.914/0001-05;C&A MODAS S.A.;Conselho de Administração;2019;5.0;0.0;500000.0;500000.0;0.0;0.0;0.0;0.0;True;2019;2019-01-01;7;92411
45.242.914/0001-05;C&A MODAS S.A.;Conselho de Administração;2019;1.25;1.0;752749.96;630416.64;0.0;0.0;0.0;0.0;False;2020;2020-01-01;16;104576
45.242.914/0001-05;C&A MODAS S.A.;Conselho de Administração;2019;1.25;1.0;752749.96;630416.64;0.0;0.0;0.0;0.0;False;2021;2021-01-01;8;115612
45.242.914/0001-05;C&A MODAS S.A.;Conselho de Administração;2019;1.25;1.0;752749.96;630416.64;0.0;0.0;0.0;0.0;False;2022;2022-01-01;4;127200
45.242.914/0001-05;C&A MODAS S.A.;Conselho de Administração;2020;5.0;4.0;3659999.76;3049999.8;0.0;0.0;0.0;0.0;True;2020;2020-01-01;16;104576
45.242.914/0001-05;C&A MODAS S.A.;Conselho de Administração;2020;5.0;4.17;3679138.88;3150034.75;0.0;0.0;0.0;0.0;False;2021;2021-01-01;8;115612
45.242.914/0001-05;C&A MODAS S.A.;Conselho de Administração;2020;5.0;4.17;3679138.88;3150034.75;0.0;0.0;0.0;0.0;False;2022;2022-01-01;4;127200
45.242.914/0001-05;C&A MODAS S.A.;Conselho de Administração;2020;5.0;4.0;3150034.75;3150034.75;0.0;0.0;0.0;0.0;False;2023;2023-12-31;4;131429
45.242.914/0001-05;C&A MODAS S.A.;Conselho de Administração;2021;5.0;5.0;5267124.92;4389270.77;0.0;0.0;0.0;0.0;True;2021;2021-01-01;8;115612
45.242.914/0001-05;C&A MODAS S.A.;Conselho de Administração;2021;5.0;5.0;2356666.59;2356666.59;0.0;0.0;0.0;0.0;False;2022;2022-01-01;4;127200
45.242.914/0001-05;C&A MODAS S.A.;Conselho de Administração;2021;5.0;5.0;4110000.04;4110000.04;0.0;0.0;0.0;0.0;False;2023;2023-12-31;4;131429
45.242.914/0001-05;C&A MODAS S.A.;Conselho de Administração;2021;5.0;5.0;4110000.04;4110000.04;0.0;0.0;0.0;0.0;False;2024;2024-12-31;8;147526
45.242.914/0001-05;C&A MODAS S.A.;Conselho de Administração;2022;5.0;5.0;4323333.24;4323333.24;0.0;0.0;0.0;0.0;True;2022;2022-01-01;4;127200
45.242.914/0001-05;C&A MODAS S.A.;Conselho de Administração;2022;5.0;5.0;4154166.7;4154166.7;0.0;0.0;0.0;0.0;False;2023;2023-12-31;4;131429
45.242.914/0001-05;C&A MODAS S.A.;Conselho de Administração;2022;5.0;5.0;4154166.7;4154166.7;0.0;0.0;0.0;0.0;False;2024;2024-12-31;8;147526
45.242.914/0001-05;C&A MODAS S.A.;Conselho de Administração;2022;5.0;5.0;4154166.7;4154166.7;0.0;0.0;0.0;0.0;False;2025;2025-12-31;9;157300
45.242.914/0001-05;C&A MODAS S.A.;Conselho de Administração;2023;5.0;5.0;7812666.7;5052666.7;0.0;2760000.0;0.0;0.0;True;2023;2023-12-31;4;131429
45.242.914/0001-05;C&A MODAS S.A.;Conselho de Administração;2023;5.0;5.0;7563500.0;4803500.0;0.0;2760000.0;0.0;0.0;False;2024;2024-12-31;8;147526
45.242.914/0001-05;C&A MODAS S.A.;Conselho de Administração;2023;5.0;5.0;7563500.0;4803500.0;0.0;2760000.0;0.0;0.0;False;2025;2025-12-31;9;157300
45.242.914/0001-05;C&A MODAS S.A.;Conselho de Administração;2023;5.0;5.0;7563500.0;4803500.0;0.0;2760000.0;0.0;0.0;False;2026;2026-12-31;3;159084
45.242.914/0001-05;C&A MODAS S.A.;Conselho de Administração;2024;5.0;5.0;5307431.96;5307431.96;0.0;0.0;0.0;0.0;True;2024;2024-12-31;8;147526
45.242.914/0001-05;C&A MODAS S.A.;Conselho de Administração;2024;5.0;5.0;4800000.0;4800000.0;0.0;0.0;0.0;0.0;False;2025;2025-12-31;9;157300
45.242.914/0001-05;C&A MODAS S.A.;Conselho de Administração;2024;5.0;5.0;4800000.0;4800000.0;0.0;0.0;0.0;0.0;False;2026;2026-12-31;3;159084
45.242.914/0001-05;C&A MODAS S.A.;Conselho de Administração;2025;5.0;5.0;5016000.0;4956000.0;0.0;0.0;0.0;0.0;True;2025;2025-12-31;9;157300
45.242.914/0001-05;C&A MODAS S.A.;Conselho de Administração;2025;5.0;5.0;5016000.0;5016000.0;0.0;0.0;0.0;0.0;False;2026;2026-12-31;3;159084
45.242.914/0001-05;C&A MODAS S.A.;Conselho de Administração;2026;5.0;5.0;5228000.0;5228000.0;0.0;0.0;0.0;0.0;True;2026;2026-12-31;3;159084
45.242.914/0001-05;C&A MODAS S.A.;Conselho Fiscal;2019;0.0;0.0;0.0;0.0;0.0;0.0;0.0;0.0;False;2020;2020-01-01;16;104576
45.242.914/0001-05;C&A MODAS S.A.;Conselho Fiscal;2019;0.0;0.0;0.0;0.0;0.0;0.0;0.0;0.0;False;2021;2021-01-01;8;115612
45.242.914/0001-05;C&A MODAS S.A.;Conselho Fiscal;2019;0.0;0.0;0.0;0.0;0.0;0.0;0.0;0.0;False;2022;2022-01-01;4;127200
45.242.914/0001-05;C&A MODAS S.A.;Conselho Fiscal;2020;0.0;0.0;0.0;0.0;0.0;0.0;0.0;0.0;True;2020;2020-01-01;16;104576
45.242.914/0001-05;C&A MODAS S.A.;Conselho Fiscal;2020;0.0;0.0;0.0;0.0;0.0;0.0;0.0;0.0;False;2021;2021-01-01;8;115612
45.242.914/0001-05;C&A MODAS S.A.;Conselho Fiscal;2020;0.0;0.0;0.0;0.0;0.0;0.0;0.0;0.0;False;2022;2022-01-01;4;127200
45.242.914/0001-05;C&A MODAS S.A.;Conselho Fiscal;2020;0.0;0.0;0.0;0.0;0.0;0.0;0.0;0.0;False;2023;2023-12-31;4;131429
45.242.914/0001-05;C&A MODAS S.A.;Conselho Fiscal;2021;0.0;0.0;0.0;0.0;0.0;0.0;0.0;0.0;True;2021;2021-01-01;8;115612
45.242.914/0001-05;C&A MODAS S.A.;Conselho Fiscal;2021;0.0;0.0;0.0;0.0;0.0;0.0;0.0;0.0;False;2022;2022-01-01;4;127200
45.242.914/0001-05;C&A MODAS S.A.;Conselho Fiscal;2021;0.0;0.0;0.0;0.0;0.0;0.0;0.0;0.0;False;2023;2023-12-31;4;131429
45.242.914/0001-05;C&A MODAS S.A.;Conselho Fiscal;2021;0.0;0.0;0.0;0.0;0.0;0.0;0.0;0.0;False;2024;2024-12-31;8;147526
45.242.914/0001-05;C&A MODAS S.A.;Conselho Fiscal;2022;3.0;3.0;484350.0;484350.0;0.0;0.0;0.0;0.0;True;2022;2022-01-01;4;127200
45.242.914/0001-05;C&A MODAS S.A.;Conselho Fiscal;2022;3.0;3.0;300000.0;300000.0;0.0;0.0;0.0;0.0;False;2023;2023-12-31;4;131429
45.242.914/0001-05;C&A MODAS S.A.;Conselho Fiscal;2022;3.0;3.0;300000.0;300000.0;0.0;0.0;0.0;0.0;False;2024;2024-12-31;8;147526
45.242.914/0001-05;C&A MODAS S.A.;Conselho Fiscal;2022;2.0;2.0;300000.0;300000.0;0.0;0.0;0.0;0.0;False;2025;2025-12-31;9;157300
45.242.914/0001-05;C&A MODAS S.A.;Conselho Fiscal;2023;3.0;3.0;496944.0;496944.0;0.0;0.0;0.0;0.0;True;2023;2023-12-31;4;131429
45.242.914/0001-05;C&A MODAS S.A.;Conselho Fiscal;2023;3.0;3.0;472932.0;472932.0;0.0;0.0;0.0;0.0;False;2024;2024-12-31;8;147526
45.242.914/0001-05;C&A MODAS S.A.;Conselho Fiscal;2023;3.0;3.0;472932.0;472932.0;0.0;0.0;0.0;0.0;False;2025;2025-12-31;9;157300
45.242.914/0001-05;C&A MODAS S.A.;Conselho Fiscal;2023;3.0;3.0;472932.0;472932.0;0.0;0.0;0.0;0.0;False;2026;2026-12-31;3;159084
45.242.914/0001-05;C&A MODAS S.A.;Conselho Fiscal;2024;3.0;3.0;545002.5;545002.5;0.0;0.0;0.0;0.0;True;2024;2024-12-31;8;147526
45.242.914/0001-05;C&A MODAS S.A.;Conselho Fiscal;2024;1.0;1.0;155216.0;155216.0;0.0;0.0;0.0;0.0;False;2025;2025-12-31;9;157300
45.242.914/0001-05;C&A MODAS S.A.;Conselho Fiscal;2024;1.0;1.0;155216.0;155216.0;0.0;0.0;0.0;0.0;False;2026;2026-12-31;3;159084
45.242.914/0001-05;C&A MODAS S.A.;Conselho Fiscal;2025;2.0;2.0;405000.0;405000.0;0.0;0.0;0.0;0.0;True;2025;2025-12-31;9;157300
45.242.914/0001-05;C&A MODAS S.A.;Conselho Fiscal;2025;3.0;3.0;312000.0;312000.0;0.0;0.0;0.0;0.0;False;2026;2026-12-31;3;159084
45.242.914/0001-05;C&A MODAS S.A.;Conselho Fiscal;2026;3.0;3.0;522000.0;522000.0;0.0;0.0;0.0;0.0;True;2026;2026-12-31;3;159084
